label	suite	match	replacement	skip_next	nth
dispatcher guard removed	hooks	&& ! grep -q 'hooks/	&& true # a direct hook is now rewritten whatever it is	0	0
HOME= dropped from hook body	hooks	HOME=$home $binary hook --config $ini $args"	$binary hook --config $ini $args"	0	0
direct-hook compare removed	hooks	if [ "$(cat "$direct")" != "$want" ]; then	if true; then	0	0
.d compare removed	hooks	if [ ! -f "$d" ] || [ "$(cat "$d")" != "$want" ]; then	if true; then	0	0
ExecStart unreadable tolerated	hooks	"way to know which binary its hooks must name. Refusing to guess."	|| true	1	0
binary executable probe removed	hooks	|| die "$name: forgejo.service names '$binary', which is not executable in the guest"	|| true	0	0
config readable probe replaced by a root-only check	hooks	  [[ $ini_user =~ ^[a-z_][a-z0-9_-]*\$?$ ]] \	  true \	0	0
repositoryRoot probe removed	hooks	|| die "$name: forgejoHooks.repositoryRoot is '$repo_root', which is not a directory in the guest"	|| true	0	0
forward union failure tolerated	forward	|| die "cannot read the declared forwards on $network/$listen; removing nothing"	|| true	0	0
reporter back to one instance	forward	declarations=$(forward_declarations "$network" "$listen") \	mapfile -t want < <(declared_forwards "$spec" "$target")	1	2
empty-union guard removed	forward	if [[ ${#want[@]} -eq 0 ]]; then	if false; then	0	1
registry-unreadable guard removed	forward	[[ ${#names[@]} -gt 0 ]] || die "cannot read incusInstances; refusing to touch the forward on $network/$listen"	[[ ${#names[@]} -gt 0 ]] || true	0	0
--check dry-run wiring removed	hooks	[[ $CHECK_ONLY == 1 ]] && dry=1	:	0	0
--check reported as done	hooks	warn "$name: $last hook file(s) would be rewritten"	step "$name: $last hook file(s) rewritten"	0	0
AuthorizedKeysCommand back to the store path	sshd	"AuthorizedKeysCommand ${keyPath} %u"	"AuthorizedKeysCommand ${keySource} %u"	0	0
AuthorizedKeysCommand under /etc (shipped, failed)	sshd	"AuthorizedKeysCommand ${keyPath} %u"	"AuthorizedKeysCommand /etc/ssh/forgejo-ssh-keys %u"	0	0
install unit not ordered before sshd	sshd	    before = [ "sshd.service" ];	    before = [ ];	0	0
install unit does not create its directory	sshd	      RuntimeDirectory = "forgejo-ssh-keys";	      RuntimeDirectory = "";	0	0
peer-auth fix reverted	sshd	runuser -u ${cfg.user} -- \	su ${cfg.user} -c	0	0
key- prefix dropped from serv	sshd	serv key-%s --config	serv %s --config	0	0
no install unit at the expected name	sshd	  systemd.services.forgejo-ssh-keys-install = {	  systemd.services.forgejo-ssh-keys-install-DISABLED = {	0	0
install writes somewhere sshd does not read	sshd	${keySource} ${keyPath}";	        " -m 0555 -o root -g root ${keySource} /run/forgejo-ssh-keys/elsewhere";	0	0
config-access ExecStart back to script/bin/name	forgejo	        ExecStart = "${configAccessScript}";	        ExecStart = "${configAccessScript}/bin/${configAccessScript.name}";	0	0
config-access uses bare su again	forgejo	    $RUNUSER -u git -- $BASH -c \	    su -s ${pkgs.bash}/bin/bash git -c \	0	0
config-access loses its pre-flight condition	forgejo	    if [ ! -f ${cfg.customDir}/conf/app.ini ]; then	    if false; then	0	0
config-access tolerates failure at boot again	forgejo	        SuccessExitStatus = 1;	        SuccessExitStatus = 0;	0	0
apply.sh stops re-running afterRenderSecrets	applysh	  if [[ -n $(jq -r '.afterRenderSecrets // [] | .[]' <<<"$spec" 2>/dev/null) ]]; then	  if false; then # mutation: no re-run after render_secrets	0	0
apply.sh makes the re-run fatal	applysh	        warn "$unit failed after render_secrets; anything it grants is NOT in place."	        die "$unit failed"	0	0
git-config keeps RUN_USER=forgejo	forgejo	        -e "s|^RUN_USER=.*|RUN_USER=git|" \	        -e "s|^RUN_USER=.*|RUN_USER=forgejo|" \	0	0
git-config filter becomes name-based	forgejo	          -e "/_URI=/ { /INTERNAL_TOKEN_URI/!d }" \	          -e "/^SECRET_KEY_URI=/d" \	0	0
git-config drops the survived-keys assertion	forgejo	          [ "$f" = INTERNAL_TOKEN_URI ] \	          true \	0	0
git-config leaves the config root-owned	forgejo	        ${pkgs.coreutils}/bin/chown git:git "$out"	        ${pkgs.coreutils}/bin/chown root:root "$out"	0	0
git-config never grants internal_token	forgejo	        ${pkgs.coreutils}/bin/chown root:git ${cfg.customDir}/conf/internal_token	        ${pkgs.coreutils}/bin/chown root:forgejo ${cfg.customDir}/conf/internal_token	0	0
git-config makes internal_token world-readable	forgejo	        ${pkgs.coreutils}/bin/chmod 0440 ${cfg.customDir}/conf/internal_token	        ${pkgs.coreutils}/bin/chmod 0444 ${cfg.customDir}/conf/internal_token	0	0
git-config stops asserting a secret is shut	forgejo	        for f in secret_key oauth2_jwt_secret lfs_jwt_secret smtp_password; do	        for f in oauth2_jwt_secret lfs_jwt_secret smtp_password; do	0	0
git-config puts internal_token back in the refusal loop	forgejo	        for f in secret_key oauth2_jwt_secret lfs_jwt_secret smtp_password; do	        for f in secret_key internal_token oauth2_jwt_secret lfs_jwt_secret smtp_password; do	0	0
git-config leaves data/home at 0750	forgejo	        ${pkgs.coreutils}/bin/chmod 0751 ${dataPath}/home	        ${pkgs.coreutils}/bin/chmod 0750 ${dataPath}/home	0	0
git-config leaves .gitconfig unreadable	forgejo	        ${pkgs.coreutils}/bin/chgrp git ${dataPath}/home/.gitconfig	        ${pkgs.coreutils}/bin/chgrp forgejo ${dataPath}/home/.gitconfig	0	0
git-config leaves the hooks unexecutable	forgejo	        ${pkgs.coreutils}/bin/chmod -R g+rX ${dataPath}/home/hooks	        ${pkgs.coreutils}/bin/chmod -R g-w ${dataPath}/home/hooks	0	0
active hooks tree never rewritten	hooks	rewrite "$active"	true # mutation: never rewrite the tree git runs	0	0
activeHooksPath not read from the spec	hooks	  active=$(jq -r '.forgejoHooks.activeHooksPath // empty' <<<"$spec")	  active=	0	0
active hooks path not passed to the guest	hooks	              "$repo_root" "$binary" "$ini" "$guest_dir" "$dry" "$active" <<'GUEST' 2>&1	              "$repo_root" "$binary" "$ini" "$guest_dir" "$dry" <<'GUEST' 2>&1	0	0
spec no longer declares activeHooksPath	spec	    activeHooksPath = "/var/lib/forgejo/data/home/hooks";	    activeHooksPath = "";	0	0
import uses the stock metadata again	applytest	    instance_metadata=$(per_instance_metadata "$metadata_tarball" "$alias")	    instance_metadata=$metadata_tarball	0	0
description is hardcoded, so instances collide again	applytest	\"description\":\"$instance $version\"	\"description\":\"caddy\"	0	0
tarball repacked with a live mtime	applytest	      --mtime=@1 -cJf "$work/metadata.tar.xz" -C "$work" .	      -cJf "$work/metadata.tar.xz" -C "$work" .	0	0
absent build reported as an alias problem	applytest	            "  No image in the pool carries:"$'\n'\	            "  (nothing useful):"$'\n'\	0	0
incus/apply.sh has no +x, so the reconciler cannot exec it	mode	incus/apply.sh	-	0	0
gc deletes on first sight, not on the second	gc	  if [[ -n $now && -n $prev ]]; then	  if [[ -n $now ]]; then	0	0
gc ignores the alias when deciding	gc	    | select((.aliases | length) == 0)	    | select(true)	0	0
gc ignores user.build-source, so hand-imported images go too	gc	    | select((.properties["user.build-source"] // "") != "")	    | select(true)	0	0
gc --force, the one destructive flag Incus has	gc	      if incus image delete --project "$project" "$fp" >/dev/null 2>&1; then	      if incus image delete --project "$project" "$fp" --force >/dev/null 2>&1; then	0	0
gc treats a refused delete as fatal	gc	        skipped=$((skipped + 1))	        exit 1	0	0
gc forgets a refused image, so it is never retried	gc	      printf '%s\n' "$now" >"$state"	      : >"$state"	0	0
gc --dry-run deletes for real	gc	        log "gc  $project: would delete ${fp:0:12}	        incus image delete --project "$project" "$fp" >/dev/null 2>&1	0	0
gc --dry-run writes state, priming the next real run	gc	  if [[ $DRY_RUN -eq 0 ]]; then	  if true; then	0	0
gc collects with no state at all, so nothing is ever eligible	gc	  if ! mkdir -p "$STATE_DIR" 2>/dev/null; then	  if false; then	0	0
gc reports an unreadable project as an empty one	gc	    list_failures=$((list_failures + 1))	    :	0	0
gc ignores the project when listing images	gc	  if ! images_json=$(incus image list --project "$project" --format json 2>/dev/null); then	  if ! images_json=$(incus image list --format json 2>/dev/null); then	0	0
